Model,RMSE_original,RMSE_tuned,RMSE_Improvement_%
XGBoost,212131.2310228795,72251.96762010737,65.93996684424341
